{
  "dataset_root": "/home/intellisense05/akinduid/mi/datasets",
  "split": "val",
  "pairs_count": 1,
  "max_images": 1,
  "models": [
    {
      "model_name": "yolo26n-seg.pt",
      "mean_inference_ms": 753.7705650011048,
      "median_inference_ms": 753.7705650011048,
      "p95_inference_ms": 753.7705650011048,
      "throughput_fps": 1.3266636380243029,
      "mean_iou": 0.7073492505281884,
      "precision_50": 0.048794063079777364,
      "recall_50": 0.7083333333333333,
      "f1_50": 0.09108653220559532,
      "map_50": 0.6583333333333333,
      "map_5095": 0.30065476190476187,
      "evaluation_mode": "class-aware",
      "per_class_ap50": {
        "person": 0.65,
        "car": 0.6666666666666666
      }
    },
    {
      "model_name": "yolo26n-seg.onnx",
      "mean_inference_ms": 298.78621499847213,
      "median_inference_ms": 298.78621499847213,
      "p95_inference_ms": 298.78621499847213,
      "throughput_fps": 3.346874620722089,
      "mean_iou": 0.7075309550927065,
      "precision_50": 0.04665314401622718,
      "recall_50": 0.7083333333333333,
      "f1_50": 0.08733233979135618,
      "map_50": 0.6583333333333333,
      "map_5095": 0.30065476190476187,
      "evaluation_mode": "class-aware",
      "per_class_ap50": {
        "person": 0.65,
        "car": 0.6666666666666666
      }
    },
    {
      "model_name": "yolo26n-seg-fp32.engine",
      "mean_inference_ms": 158.72268300154246,
      "median_inference_ms": 158.72268300154246,
      "p95_inference_ms": 158.72268300154246,
      "throughput_fps": 6.300296725643694,
      "mean_iou": 0.0,
      "precision_50": 0.0,
      "recall_50": 0.0,
      "f1_50": 0.0,
      "map_50": 0.0,
      "map_5095": 0.0,
      "evaluation_mode": "class-agnostic",
      "per_class_ap50": {
        "all-objects": 0.0
      }
    },
    {
      "model_name": "yolo26n-seg-fp16.engine",
      "mean_inference_ms": 55.71733600118023,
      "median_inference_ms": 55.71733600118023,
      "p95_inference_ms": 55.71733600118023,
      "throughput_fps": 17.947735332838196,
      "mean_iou": 0.0,
      "precision_50": 0.0,
      "recall_50": 0.0,
      "f1_50": 0.0,
      "map_50": 0.0,
      "map_5095": 0.0,
      "evaluation_mode": "class-agnostic",
      "per_class_ap50": {
        "all-objects": 0.0
      }
    }
  ]
}