{
  "dataset_root": "/home/intellisense05/akinduid/mi/datasets",
  "split": "val",
  "pairs_count": 1,
  "max_images": 1,
  "models": [
    {
      "model_name": "yolo26n-seg.pt",
      "mean_inference_ms": 771.4074770010484,
      "median_inference_ms": 771.4074770010484,
      "p95_inference_ms": 771.4074770010484,
      "throughput_fps": 1.2963317440059514,
      "mean_iou": 0.8297633342479067,
      "precision_50": 0.03636363636363636,
      "recall_50": 0.6666666666666666,
      "f1_50": 0.06896551724137931,
      "map_50": 0.6583333333333333,
      "map_5095": 0.30065476190476187,
      "per_class_ap50": {
        "person": 0.65,
        "car": 0.6666666666666666
      }
    },
    {
      "model_name": "yolo26n-seg.onnx",
      "mean_inference_ms": 321.43489500049327,
      "median_inference_ms": 321.43489500049327,
      "p95_inference_ms": 321.43489500049327,
      "throughput_fps": 3.111049906384512,
      "mean_iou": 0.8289958925612444,
      "precision_50": 0.034482758620689655,
      "recall_50": 0.6666666666666666,
      "f1_50": 0.06557377049180328,
      "map_50": 0.6583333333333333,
      "map_5095": 0.30065476190476187,
      "per_class_ap50": {
        "person": 0.65,
        "car": 0.6666666666666666
      }
    },
    {
      "model_name": "yolo26n-seg-fp32.engine",
      "mean_inference_ms": 165.24176500024623,
      "median_inference_ms": 165.24176500024623,
      "p95_inference_ms": 165.24176500024623,
      "throughput_fps": 6.051738796172444,
      "mean_iou": 0.0,
      "precision_50": 0.0,
      "recall_50": 0.0,
      "f1_50": 0.0,
      "map_50": 0.0,
      "map_5095": 0.0,
      "per_class_ap50": {
        "person": 0.0,
        "car": 0.0
      }
    },
    {
      "model_name": "yolo26n-seg-fp16.engine",
      "mean_inference_ms": 54.81271200005722,
      "median_inference_ms": 54.81271200005722,
      "p95_inference_ms": 54.81271200005722,
      "throughput_fps": 18.24394312032866,
      "mean_iou": 0.0,
      "precision_50": 0.0,
      "recall_50": 0.0,
      "f1_50": 0.0,
      "map_50": 0.0,
      "map_5095": 0.0,
      "per_class_ap50": {
        "person": 0.0,
        "car": 0.0
      }
    }
  ]
}