{
  "dataset_root": "/home/intellisense05/akinduid/mi/datasets",
  "split": "val",
  "pairs_count": 1,
  "max_images": 1,
  "models": [
    {
      "model_name": "yolo26n-seg.pt",
      "mean_inference_ms": 5469.444977999956,
      "median_inference_ms": 5469.444977999956,
      "p95_inference_ms": 5469.444977999956,
      "throughput_fps": 0.1828339080148633,
      "mean_iou": 0.7073492505281884,
      "precision_50": 0.048794063079777364,
      "recall_50": 0.7083333333333333,
      "f1_50": 0.09108653220559532,
      "map_50": 0.6583333333333333,
      "map_5095": 0.30065476190476187,
      "evaluation_mode": "class-aware",
      "best_f1_50": 0.0,
      "best_conf_50": 0.0,
      "per_class_ap50": {
        "person": 0.65,
        "car": 0.6666666666666666
      }
    },
    {
      "model_name": "yolo26n-seg.onnx",
      "mean_inference_ms": 7975.646676999531,
      "median_inference_ms": 7975.646676999531,
      "p95_inference_ms": 7975.646676999531,
      "throughput_fps": 0.12538168257676677,
      "mean_iou": 0.7075309550927065,
      "precision_50": 0.04665314401622718,
      "recall_50": 0.7083333333333333,
      "f1_50": 0.08733233979135618,
      "map_50": 0.6583333333333333,
      "map_5095": 0.30065476190476187,
      "evaluation_mode": "class-aware",
      "best_f1_50": 0.0,
      "best_conf_50": 0.0,
      "per_class_ap50": {
        "person": 0.65,
        "car": 0.6666666666666666
      }
    },
    {
      "model_name": "yolo26s-seg.pt",
      "mean_inference_ms": 157.30058300050587,
      "median_inference_ms": 157.30058300050587,
      "p95_inference_ms": 157.30058300050587,
      "throughput_fps": 6.357255522675234,
      "mean_iou": 0.734048797201767,
      "precision_50": 0.04815610454708199,
      "recall_50": 0.7083333333333333,
      "f1_50": 0.08993710691823899,
      "map_50": 0.7083333333333333,
      "map_5095": 0.35791666666666666,
      "evaluation_mode": "class-aware",
      "best_f1_50": 0.0,
      "best_conf_50": 0.0,
      "per_class_ap50": {
        "person": 0.75,
        "car": 0.6666666666666666
      }
    },
    {
      "model_name": "yolo26s-seg.onnx",
      "mean_inference_ms": 606.3842140001725,
      "median_inference_ms": 606.3842140001725,
      "p95_inference_ms": 606.3842140001725,
      "throughput_fps": 1.6491194475582367,
      "mean_iou": 0.7319897618476389,
      "precision_50": 0.0445141065830721,
      "recall_50": 0.7083333333333333,
      "f1_50": 0.08363434287302028,
      "map_50": 0.7083333333333333,
      "map_5095": 0.3366263440860215,
      "evaluation_mode": "class-aware",
      "best_f1_50": 0.0,
      "best_conf_50": 0.0,
      "per_class_ap50": {
        "person": 0.75,
        "car": 0.6666666666666666
      }
    },
    {
      "model_name": "yolo26m-seg.pt",
      "mean_inference_ms": 143.01733399952354,
      "median_inference_ms": 143.01733399952354,
      "p95_inference_ms": 143.01733399952354,
      "throughput_fps": 6.992159425956936,
      "mean_iou": 0.719207942782951,
      "precision_50": 0.07608695652173914,
      "recall_50": 0.7083333333333333,
      "f1_50": 0.13692307692307693,
      "map_50": 0.7083333333333333,
      "map_5095": 0.33958333333333335,
      "evaluation_mode": "class-aware",
      "best_f1_50": 0.0,
      "best_conf_50": 0.0,
      "per_class_ap50": {
        "person": 0.75,
        "car": 0.6666666666666666
      }
    },
    {
      "model_name": "yolo26m-seg.onnx",
      "mean_inference_ms": 587.1068209999066,
      "median_inference_ms": 587.1068209999066,
      "p95_inference_ms": 587.1068209999066,
      "throughput_fps": 1.703267555803374,
      "mean_iou": 0.7282451564731854,
      "precision_50": 0.07255244755244755,
      "recall_50": 0.7083333333333333,
      "f1_50": 0.1314655172413793,
      "map_50": 0.625,
      "map_5095": 0.33272058823529416,
      "evaluation_mode": "class-aware",
      "best_f1_50": 0.0,
      "best_conf_50": 0.0,
      "per_class_ap50": {
        "person": 0.5833333333333334,
        "car": 0.6666666666666666
      }
    }
  ]
}